{
    "list":[
        {
            "title":"Drive.ai融资5000万吴恩达加入董事会",
             "vip":"../img/widget-vip.png",
             "img":"../img/widget-photo.png",
            "name":"玻璃通",
            "date":"6月12日 13：34",
            "content":"滴滴与360都开源了各自的插件化框架，VirtualAPK与RePlugin,作为一个插件化方面的狂热研究者，在周末就迫不及待的下载了Virtualapk框架来进行研究，本篇博客带的……"
        },{
            "indeximg":"../widget-list01.png",
            "title":"Drive.ai融资5000万吴恩达加入董事会",
             "vip":"../widget-vip.png",
            "img":"../widget-photo.png",
            "name":"玻璃通",
            "date":"6月22日 13：34",
             "content":"滴滴与360都开源了各自的插件化框架，VirtualAPK与RePlugin,作为一个插件化方面的狂热研究者，在周末就迫不及待的下载了Virtualapk框架来进行研究，本篇博客带的……"
        }
        
    ]
}