﻿<?xml version="1.0" encoding="UTF-8"?>
<!DOCTYPE mapper PUBLIC "-//mybatis.org//DTD Mapper 3.0//EN" "http://mybatis.org/dtd/mybatis-3-mapper.dtd">
<mapper namespace="com.itheima.dao.front.MemberDao">

    <!--配置实体类属性和数据库表中列的对应关系-->
    <resultMap id="BaseResultMap" type="com.itheima.domain.front.Member">
        <id column="id" jdbcType="VARCHAR" property="id"/>
        <result column="nick_name" jdbcType="VARCHAR" property="nickName"/>
        <result column="password" jdbcType="VARCHAR" property="password"/>
        <result column="gender" jdbcType="VARCHAR" property="gender"/>
        <result column="birthday" jdbcType="TIMESTAMP" property="birthday"/>
        <result column="email" jdbcType="VARCHAR" property="email"/>
        <result column="telephone" jdbcType="VARCHAR" property="telephone"/>
        <result column="address" jdbcType="VARCHAR" property="address"/>
        <result column="register_date" jdbcType="TIMESTAMP" property="registerDate"/>
        <result column="state" jdbcType="VARCHAR" property="state"></result>
    </resultMap>

    <!--配置查询的列名公共SQL语句-->
    <sql id="Base_Column_List">
        id, nick_name,password,gender,birthday,email,telephone,address,register_date,state
    </sql>

    <insert id="save" parameterType="com.itheima.domain.front.Member">
        insert into tr_member (id, nick_name, password, gender,
        birthday, email,state,telephone, address, register_date)
        values (#{id,jdbcType=VARCHAR}, #{nickName,jdbcType=VARCHAR}, #{password,jdbcType=VARCHAR},
        #{gender,jdbcType=VARCHAR}, #{birthday,jdbcType=TIMESTAMP}, #{email,jdbcType=VARCHAR},#{state,jdbcType=VARCHAR},
        #{telephone,jdbcType=VARCHAR}, #{address,jdbcType=VARCHAR}, #{registerDate,jdbcType=TIMESTAMP})
    </insert>

    <select id="findByEmailAndPwd" parameterType="map" resultMap="BaseResultMap">
        select
        <include refid="Base_Column_List"/>
        from tr_member
        where email = #{email,jdbcType=VARCHAR} and password = #{password,jdbcType=VARCHAR}
    </select>





</mapper>